sentence,predicted_category,confidence
"£ÉÉ®iÉ BÉEÉ ºÉÆÉÊ´ÉvÉÉxÉ [1 , 2024 ] THE CONSTITUTION OF INDIA [As on 1st May, 2024] 2024 GOVERNMENT OF INDIA MINISTRY OF LAW AND JUSTICE LEGISLATIVE DEPARTMENT,OFFICIAL LANGUAGES WING PREFACE This is the sixth pocket size edition of the Constitution of India in the diglot form.",Judiciary,0.4180694818496704
"In this edition, the text of the Constitution of India has been brought up-to-date by incorporating therein all the amendments up to the Constitution (One Hundred and Sixth Amendment) Act, 2023.",Amendment Procedure,0.3369963467121124
The foot notes below the text indicate the Constitution Amendment Acts by which such amendmentshave been made.,Amendment Procedure,0.7293574810028076
"The Constitution (One Hundredth Amendment) Act, 2015 containing details of acquired and transferred territories between the Governments of India and Bangladesh has been provided in AppendixI.",Amendment Procedure,0.2874673306941986
"The Constitution (Application to Jammu and Kashmir) Order, 2019 and the declaration under article 370(3) of the Constitution have been provided respectively in Appendix II and Appendix IIIfor reference.",Amendment Procedure,0.22542966902256012
"New Delhi; Dr.Rajiv Mani, 1stMay, 2024 Secretary to the Government of India.",Union Government,0.240924671292305
"....................................................forArticle, articles.",Fundamental Duties,0.18496696650981903
".................................................... Clause, clauses.",Amendment Procedure,0.19440636038780212
.................................................... Constitution Order.,Fundamental Rights,0.2913527190685272
................................................... Inserted.,Amendment Procedure,0.20839080214500427
".................................................... Page, pages.",Emergency Provisions,0.17532092332839966
.................................................... Part.,Emergency Provisions,0.1891411989927292
.................................................... Repealed.,Amendment Procedure,0.4587818682193756
"...................................................... Section, sections.",Judiciary,0.14090533554553986
.................................................... Schedule.,Administrative Provisions,0.27050721645355225
.................................................... Substituted.,Amendment Procedure,0.36620837450027466
.................................................... with effect from.,Amendment Procedure,0.2517249584197998
.................................................. withretrospectiveeffectfrom.,Amendment Procedure,0.15440456569194794
THE CONSTITUTION OF INDIA ____________ CONTENTS __________ PREAMBLE PART I THE UNION AND ITS TERRITORY ARTICLES 1.,Union Government,0.3509136736392975
"Formation of new States and alteration of areas, boundaries or names of existing States.",State Government,0.4833744466304779
"Laws made under articles 2 and 3 to provide for the amendment of the First and the Fourth Schedules and supplemental, incidental and consequential matters.",Amendment Procedure,0.3239941895008087
Citizenship at the commencement of the Constitution.,Fundamental Rights,0.2793835401535034
Rights of citizenship of certain persons who have migrated to India from Pakistan.,Amendment Procedure,0.2485513538122177
Rights of citizenship of certain migrants to Pakistan.,Amendment Procedure,0.26686495542526245
Rights of citizenship of certain persons of Indian origin residing outside India.,Amendment Procedure,0.189947247505188
Persons voluntarily acquiring citizenship of a foreign State not to be citizens.,Judiciary,0.21713384985923767
Parliament to regulate the right of citizenship by law.,Judiciary,0.2149960696697235
(ii) Contents ARTICLES PART III FUNDAMENTAL RIGHTS General 12.,Fundamental Rights,0.7845736145973206
Laws inconsistent with or in derogation of the fundamental rights.,Fundamental Rights,0.9133187532424927
"Prohibition of discrimination on grounds of religion, race, caste, sex or place of birth.",Fundamental Rights,0.4257842004299164
Equality of opportunity in matters of public employment.,Fundamental Rights,0.16313044726848602
"Protection of certain rights regarding freedom of speech, etc.",Fundamental Rights,0.20512208342552185
Protection against arrest and detention in certain cases.,Emergency Provisions,0.204709991812706
Prohibition of traffic in human beings and forced labour.,Fundamental Duties,0.20293475687503815
"Prohibition of employment of children in factories, etc.",Amendment Procedure,0.28070905804634094
"Freedom of conscience and free profession, practice and propagation of religion.",Fundamental Rights,0.7278745770454407
Freedom as to payment of taxes for promotion of any particular religion.,Fundamental Rights,0.30800214409828186
Freedom as to attendance at religious instruction or religious worship in certain educational institutions.,Fundamental Rights,0.4074547290802002
(iii) Contents ARTICLES Cultural and Educational Rights 29.,Fundamental Rights,0.2122662365436554
Right of minorities to establish and administer educational institutions.,Administrative Provisions,0.30664530396461487
"Saving of Laws providing for acquisition of estates, etc.",Amendment Procedure,0.20649608969688416
Saving of laws giving effect to certain directive principles.,Judiciary,0.2058938890695572
Saving of laws in respect of anti-national activities.—Omitted.],Amendment Procedure,0.22893010079860687
Remedies for enforcement of rights conferred by this Part.,Amendment Procedure,0.2190188765525818
Constitutional validity of State laws not to be considered in proceedings under article 32.—Omitted.],State Government,0.31834810972213745
"Power of Parliament to modify the rights conferred by this Part in their application to Forces, etc.",Amendment Procedure,0.5260562896728516
Restriction on rights conferred by this Part while martial law is in force in any area.,Emergency Provisions,0.3227490484714508
Legislation to give effect to the provisions of this Part.,Amendment Procedure,0.28813695907592773
Application of the principles contained in this Part.,Fundamental Duties,0.206797257065773
State to secure a social order for the promotion of welfare of the people.,State Government,0.5616889595985413
Certain principles of policy to be followed by the State.,State Government,0.6802532076835632
"Right to work, to education and to public assistance in certain cases.",Fundamental Rights,0.42001113295555115
Provision for just and humane conditions of work and maternity relief.,Fundamental Duties,0.30420389771461487
Participation of workers in management of Industries.,Fundamental Duties,0.23307228088378906
Provision for early childhood care and education to children below the age of six years.,Fundamental Duties,0.2423083782196045
"Promotion of educational and economic interests of Scheduled Castes, Scheduled Tribes and other weaker sections.",Fundamental Duties,0.3111833930015564
Duty of the State to raise the level of nutrition and the standard of living and to improve public health.,State Government,0.7162325978279114
Protection and improvement of environment and safeguarding of forests and wild life.,Fundamental Duties,0.5631458163261414
Protection of monuments and places and objects of national importance.,Fundamental Duties,0.40099626779556274
Time of holding election to fill vacancy in the office of President and the term of office of person elected to fill casual vacancy.,Elections and Representation,0.31365323066711426
The Vice-President to be ex officio Chairman of the Council of States.,State Government,0.467538058757782
"The Vice-President to act as President or to discharge his functions during casual vacancies in the office, or during the absence, of President.",Fundamental Duties,0.2467469871044159
Time of holding election to fill vacancy in the office of Vice-President and the term of office of person elected to fill casual vacancy.,Elections and Representation,0.41284260153770447
Discharge of President’s functions in other contingencies.,Fundamental Duties,0.2219405323266983
"Matters relating to, or connected with, the election of a President or Vice-President.",Elections and Representation,0.5385718941688538
"Power of President to grant pardons, etc., and to suspend, remit or commute sentences in certain cases.",Amendment Procedure,0.2141839563846588
(vi) Contents ARTICLES Conduct of Government Business 77.,Fundamental Duties,0.282595157623291
"Duties of Prime Minister as respects the furnishing of information to the President, etc.",Fundamental Duties,0.3265533149242401
"Sessions of Parliament, prorogation and dissolution.",Judiciary,0.2885167896747589
Right of President to address and send messages to Houses.,Fundamental Duties,0.2746148109436035
Rights of Ministers and Attorney-General as respects Houses.,Administrative Provisions,0.23888280987739563
The Chairman and Deputy Chairman of the Council of States.,State Government,0.5233855247497559
"Vacation and resignation of, and removal from, the office of Deputy Chairman.",Amendment Procedure,0.42490118741989136
"Power of the Deputy Chairman or other person to perform the duties of the office of, or to act as, Chairman.",Fundamental Duties,0.22068153321743011
The Chairman or the Deputy Chairman not to preside while a resolution for his removal from office is under consideration.,Administrative Provisions,0.2036915123462677
The Speaker and Deputy Speaker of the House of the People.,Fundamental Duties,0.22195395827293396
"Vacation and resignation of, and removal from, the offices of Speaker and Deputy Speaker.",Amendment Procedure,0.33251866698265076
"Power of the Deputy Speaker or other person to perform the duties of the office of, or to act as, Speaker.",Fundamental Duties,0.22987939417362213
The Speaker or the Deputy Speaker not to preside while a resolution for his removal from office is under consideration.,Administrative Provisions,0.18467719852924347
Salaries and allowances of the Chairman and Deputy Chairman and the Speaker and Deputy Speaker.,Administrative Provisions,0.5797970294952393
"Voting in Houses, power of Houses to act notwithstanding vacancies and quorum.",Fundamental Duties,0.27721354365348816
Decision on questions as to disqualifications of members.,Judiciary,0.1831536591053009
Penalty for sitting and voting before making oath or affirmation under article99 or when not qualified or when disqualified.,Judiciary,0.22108660638332367
"Powers, Privileges and Immunities of Parliament and its Members 105.",Fundamental Rights,0.19336678087711334
"Powers, privileges, etc., of the Houses of Parliament and of the members and committees thereof.",Fundamental Duties,0.1854175180196762
Provisions as to introduction and passing of Bills.,Amendment Procedure,0.326712429523468
"Votes on account, votes of credit and exceptional grants.",Administrative Provisions,0.3295298218727112
Regulation by law of procedure in Parliament in relation to financial business.,Judiciary,0.3138545751571655
Courts not to inquire into proceedings of Parliament.,Judiciary,0.7530327439308167
Power of President to promulgate Ordinances during recess of Parliament.,Amendment Procedure,0.2405734360218048
Establishment and constitution ofthe Supreme Court.,Judiciary,0.7957443594932556
Attendance of retired Judges at sittings of the Supreme Court.,Judiciary,0.7772610783576965
Exclusive jurisdiction of the Supreme Court in regard to questions as to constitutional validity of Central laws.,Judiciary,0.676118791103363
Appellate jurisdiction of the Supreme Court in appeals from High Courts in certain cases.,Judiciary,0.7286500930786133
Appellate jurisdiction of the Supreme Court in appeals from High Courts in regard to civil matters.,Judiciary,0.6180057525634766
Appellate jurisdiction of the Supreme Court in regard to criminal matters.,Judiciary,0.7038074731826782
Jurisdiction and powers of the Federal Court under existing law to be exercisable by the Supreme Court.,Judiciary,0.8488531112670898
Review of judgments or orders by the Supreme Court.,Judiciary,0.5676538944244385
Enlargement of the jurisdiction of the Supreme Court.,Judiciary,0.5991715788841248
Conferment on the Supreme Court of powers to issue certain writs.,Judiciary,0.6397482752799988
Law declared by Supreme Court to be binding on all courts.,Judiciary,0.7110375761985779
"Enforcement of decrees and orders of the Supreme Court and orders as to discovery, etc.",Judiciary,0.5400456786155701
Power of the President to consult the Supreme Court.,Judiciary,0.6081166863441467
Civil and judicial authorities to act in aid of the Supreme Court.,Judiciary,0.5461634397506714
Special provisions as to disposal of questions relating to constitutional validity of laws.,Judiciary,0.26589179039001465
Officers and servants and the expenses of the Supreme Court.,Judiciary,0.6376005411148071
CHAPTER V. COMPTROLLER AND AUDITOR- GENERAL OF INDIA 148.,Judiciary,0.33615535497665405
Duties and powers of the Comptroller and Auditor-General.,Fundamental Duties,0.25694411993026733
Discharge of the functions of the Governor in certain contingencies.,State Government,0.3543984889984131
"Power of Governor to grant pardons, etc., and to suspend, remit or commute sentences in certain cases.",State Government,0.2889576256275177
"Duties of Chief Minister as respects the furnishing of information to Governor, etc.",Fundamental Duties,0.23854050040245056
Abolition or creation of Legislative Councils in States.,State Government,0.6229898929595947
Qualification for membership of the State Legislature.,State Government,0.5540470480918884
"Sessions of the State Legislature, prorogation and dissolution.",State Government,0.74946528673172
Right of Governor to address and send messages to the House or Houses.,State Government,0.21943047642707825
Rights of Ministers and Advocate-General as respects the Houses.,Administrative Provisions,0.22067435085773468
The Speaker and Deputy Speaker of the Legislative Assembly.,Fundamental Duties,0.23688027262687683
"Vacation and resignation of, and removal from, the offices of Speaker and Deputy Speaker.",Amendment Procedure,0.33251866698265076
"Power of the Deputy Speaker or other person to perform the duties of the office of, or to act as, Speaker.",Fundamental Duties,0.22987939417362213
The Speaker or the Deputy Speaker not to preside while a resolution for his removal from office is under consideration.,Administrative Provisions,0.18467719852924347
The Chairman and Deputy Chairman of the Legislative Council.,Fundamental Duties,0.17658139765262604
"Vacation and resignation of, and removal from, the offices of Chairman and Deputy Chairman.",Amendment Procedure,0.43736520409584045
"Power of the Deputy Chairman or other person to perform the duties of the office of, or to act as, Chairman.",Fundamental Duties,0.22068153321743011
The Chairman or the Deputy Chairman not to preside while a resolution for his removal from office is under consideration.,Administrative Provisions,0.2036915123462677
Salaries and allowances of the Speaker and Deputy Speaker and the Chairman and Deputy Chairman.,Administrative Provisions,0.5085481405258179
"Voting in Houses, power of Houses to act notwithstanding vacancies and quorum.",Fundamental Duties,0.27721354365348816
Decision on questions as to disqualifications of members.,Judiciary,0.1831536591053009
Penalty for sitting and voting before making oath or affirmation under article 188 or when not qualified or when disqualified.,Judiciary,0.22202832996845245
"Powers, privileges and immunities of State Legislatures and their Members 194.",State Government,0.7304832935333252
"Powers, privileges, etc., of the Houses of Legislatures and of the members and committees thereof.",Fundamental Duties,0.1753069907426834
Provisions as to introduction and passing of Bills.,Amendment Procedure,0.326712429523468
Restriction on powers of Legislative Council as to Bills other than Money Bills.,Amendment Procedure,0.1891377866268158
Procedure in Legislature with respect to estimates.,State Government,0.2760705351829529
"Votes on account, votes of credit and exceptional grants.",Administrative Provisions,0.3295298218727112
Regulation by law of procedure in the Legislature of the State in relation to financial business.,State Government,0.5074020028114319
Courts not to inquire into proceedings of the Legislature.,Judiciary,0.5797102451324463
Power of Governor to promulgate Ordinances during recess of Legislature.,State Government,0.3474951386451721
Appointment and conditions of the office of a Judge of a High Court.,Judiciary,0.7373844385147095
Application of certain provisions relating to Supreme Court to High Courts.,Judiciary,0.7022685408592224
Restriction on practice after being a permanent Judge.,Judiciary,0.7807704210281372
Transfer of a Judge from one High Court to another.,Judiciary,0.7529229521751404
Appointment of retired Judges at sittings of High Courts.,Judiciary,0.7217435836791992
Constitutional validity of Central laws not to be considered in proceedings under article 226.,Judiciary,0.19565890729427338
Power of superintendence over all courts by the High Court.,Judiciary,0.6987574696540833
Special provisions as to disposal of questions relating to constitutional validity of State laws.,State Government,0.36786675453186035
Officers and servants and the expenses of High Courts.,Judiciary,0.7624807953834534
Extension of jurisdiction of High Courts to Union territories.,Judiciary,0.7249736785888672
Establishment of a common High Court for two or more States.,Judiciary,0.6260254383087158
"Articles 230, 231 and 232 substituted by articles 230 and 231].",Amendment Procedure,0.2215387523174286
"Validation of appointments of, and judgments, etc., delivered by, certain district judges.",Judiciary,0.5907129049301147
Recruitment of persons other than district judges to the judicial service.,Judiciary,0.7347375750541687
Application of the provisions of this Chapter to certain class or classes of magistrates.,Judiciary,0.5374805927276611
[PART VII.—Omitted] THE STATES IN PART B OF THE FIRSTSCHEDULE [238.,State Government,0.4330234229564667
Creation of local Legislatures or Council of Ministers or both for certain Union territories.,Union Government,0.5347625017166138
Provision in case of failure of constitutional machinery.,Emergency Provisions,0.5728983879089355
Power of administrator to promulgate Ordinances during recess of Legislature.,Administrative Provisions,0.33139148354530334
Power of President to make regulations for certain Union territories.,Union Government,0.4981658458709717
"Powers, authority and responsibilities of Panchayats.",Fundamental Duties,0.3836529552936554
"Powers to impose taxes by, and Funds of, the Panchayats.",Fundamental Duties,0.30518919229507446
Constitution of Finance Commission to review financial position.,Fundamental Duties,0.3341871500015259
Bar to interference by courts in electoral matters.,Judiciary,0.5397008657455444
"Constitution and composition of Wards Committees, etc.",Administrative Provisions,0.2518831789493561
"Powers, authority and responsibilities of Municipalities, etc.",Administrative Provisions,0.4603060781955719
"Power to impose taxes by, and Funds of, the Municipalities.",Fundamental Duties,0.2663370668888092
Bar to interference by courts in electoral matters.,Judiciary,0.5397008657455444
Number and term of members of board and its office bearers.,Administrative Provisions,0.30879518389701843
Supersession and suspension of board and interim management.,Amendment Procedure,0.3986111581325531
Administration of Scheduled Areas and Tribal Areas.,Administrative Provisions,0.3121645152568817
Formation of an autonomous State comprising certain tribal areas in Assam and creation of local Legislature or Council of Ministers or both therefor.,State Government,0.5655267834663391
(xvii) Contents ARTICLES PART XI RELATIONS BETWEEN THE UNION AND THE STATES CHAPTER I. LEGISLATIVE RELATIONS Distribution of Legislative Powers 245.,Union Government,0.32610219717025757
Extent of laws made by Parliament and by the Legislatures of States.,State Government,0.564227283000946
Subject-matter of laws made by Parliament and by the Legislatures of States.,State Government,0.40434738993644714
Special provision with respect to goods and services tax.,Amendment Procedure,0.3718440532684326
Power of Parliament to provide for the establishment of certain additional courts.,Judiciary,0.5178362727165222
Power of Parliament to legislate with respect to a matter in the State List in the national interest.,State Government,0.17764168977737427
Power of Parliament to legislate with respect to any matter in the State List if a Proclamation of Emergency is in operation.,Emergency Provisions,0.43932655453681946
Inconsistency between laws made by Parliament under articles 249 and 250 and laws made by the Legislatures of States.,State Government,0.4783368706703186
Power of Parliament to legislate for two or more States by consent and adoption of such legislation by any other State.,State Government,0.26951488852500916
Legislation for giving effect to international agreements.,Amendment Procedure,0.24172775447368622
Inconsistency between laws made by Parliament and laws made by the Legislatures of States.,State Government,0.5427926182746887
Requirements as to recommendations and previous sanctions to be regarded as matters of procedure only.,Administrative Provisions,0.19554229080677032
Assistance to States by deployment of armed forces or other forces of the Union.,Union Government,0.6964157223701477
"Power of the Union to confer powers, etc., on States in certain cases.",Union Government,0.6496067643165588
Power of the States to entrust functions to the Union.,Union Government,0.4604170322418213
Armed Forces in States in Part B of the FirstSchedule.,Amendment Procedure,0.196677565574646
Jurisdiction of the Union in relation to territories outside India.,Judiciary,0.7542316317558289
Adjudication of disputes relating to waters of inter-State rivers or river valleys.,Amendment Procedure,0.2564534842967987
"PART XII FINANCE, PROPERTY, CONTRACTS AND SUITS CHAPTER I. FINANCE General 264.",Fundamental Duties,0.38511723279953003
Consolidated Funds and public accounts of India and of the States.,State Government,0.46732819080352783
Distribution of Revenues between the Union and the States 268.,Union Government,0.639371931552887
Duties levied by the Union but collected and appropriated by the States.,State Government,0.49399539828300476
Service tax levied by Union and collected by the Union and the States.,Union Government,0.7234170436859131
Taxes levied and collected by the Union but assigned to the States.,Union Government,0.45596200227737427
Levy and collection of goods and services tax in course of inter- State trade or commerce.,Fundamental Duties,0.27865317463874817
Taxes levied and distributed between the Union and the States.,Union Government,0.5991105437278748
Surcharge on certain duties and taxes for purposes of the Union.,Union Government,0.8090565204620361
Taxes which are levied and collected by the Union and may be distributed between the Union and the States.,Union Government,0.7864015698432922
Grants in lieu of export duty on jute and jute products.,Judiciary,0.45560550689697266
Prior recommendation of President required to Bills affecting taxation in which States are interested.,State Government,0.46775132417678833
"Taxes on professions, trades, callings and employments.",Fundamental Duties,0.2653872072696686
Agreement with States in Part B of the First Schedule with regard to certain financial matters.,State Government,0.2708704471588135
Expenditure defrayable by the Union or a State out of its revenues.,Union Government,0.46037614345550537
"Custody, etc., of Consolidated Funds, Contingency Funds and moneys credited to the public accounts.",Fundamental Duties,0.33807218074798584
Custody of suitors’ deposits and other moneys received by public servants and courts.,Judiciary,0.6884313821792603
Exemption of property of the Union from State taxation.,Union Government,0.6318262219429016
Restrictions as to imposition of tax on the sale or purchase of goods.,Fundamental Duties,0.2170638144016266
Exemption from taxation by States in respect of water or electricity in certain cases.,State Government,0.5563523173332214
Exemption of property and income of a State from Union taxation.,State Government,0.37419837713241577
Adjustment in respect of certain expenses and pensions.,Amendment Procedure,0.6204877495765686
"PROPERTY, CONTRACTS, RIGHTS,LIABILITIES, OBLIGATIONS AND SUITS 294.",Fundamental Duties,0.3539372980594635
"Succession to property, assets, rights, liabilities and obligations in certain cases.",Judiciary,0.20631925761699677
"Succession to property, assets, rights, liabilities and obligations in other cases.",Fundamental Duties,0.19606725871562958
Property accruing by escheat or lapseor asbona vacantia.,Amendment Procedure,0.2448176145553589
Things of value within territorial waters or continental shelf and resources of the exclusive economic zone to vest in the Union.,Union Government,0.3073054850101471
Persons not to be deprived of property save by authority of law.,Fundamental Rights,0.405910462141037
"PART XIII TRADE, COMMERCE AND INTERCOURSE WITHINTHE TERRITORY OF INDIA 301.",Judiciary,0.5560111999511719
"Power of Parliament to impose restrictions on trade, commerce and intercourse.",Judiciary,0.2848191261291504
Restrictions on the legislative powers of the Union and of the States with regard to trade and commerce.,Union Government,0.5825410485267639
"Restrictions on trade, commerce and intercourse among States.",Fundamental Duties,0.2355925440788269
Saving of existing laws and laws providing for State monopolies.,State Government,0.3061866760253906
Power of certain States in Part B of the First Schedule to impose restrictions on trade and commerce.,State Government,0.6280830502510071
Appointment of authority for carrying out the purposes of articles 301 to 304.,Administrative Provisions,0.1754220426082611
PART XIV SERVICES UNDER THE UNION AND THE STATES CHAPTER I. SERVICES 308.,Union Government,0.39510512351989746
Recruitment and conditions of service of persons serving the Union or a State.,Union Government,0.34547534584999084
Tenure of office of persons serving the Union or a State.,Union Government,0.4688153564929962
"Dismissal, removal or reduction in rank of persons employed in civil capacities under the Union or a State.",Union Government,0.34421396255493164
Power of Parliament to vary or revoke conditions of service of officers of certain services.,Amendment Procedure,0.42708244919776917
Provision for protection of existing officers of certain services.,Administrative Provisions,0.30678674578666687
Public Service Commissions for the Union and for the States.,Union Government,0.3777252733707428
Removal and suspension of a member of a Public Service Commission.,Administrative Provisions,0.30189916491508484
Power to make regulations as to conditions of service of members and staff of the Commission.,Administrative Provisions,0.3282873332500458
Prohibition as to the holding of offices by members of Commission on ceasing to be such members.,Administrative Provisions,0.21242961287498474
Power to extend functions of Public Service Commissions.,Administrative Provisions,0.2922462522983551
"Superintendence, direction and control of elections to be vested in an Election Commission.",Fundamental Duties,0.37897366285324097
"No person to be ineligible for inclusion in, or to claim to be included in a special, electoral roll on grounds of religion, race, caste or sex.",Elections and Representation,0.331065833568573
Elections to the House of the People and to the Legislative Assemblies of States to be on the basis of adult suffrage.,Elections and Representation,0.592237651348114
Power of Parliament to make provision with respect to elections to Legislatures.,Elections and Representation,0.4425746500492096
Power of Legislature of a State to make provision with respect to elections to such Legislature.,State Government,0.5553387999534607
Bar to interference by courts in electoral matters.,Judiciary,0.5397008657455444
Special provision as to elections to Parliament in the case of Prime Minister and Speaker.,Elections and Representation,0.48630523681640625
PART XVI SPECIAL PROVISIONS RELATING TO CERTAIN CLASSES 330.,Amendment Procedure,0.28068289160728455
Reservation of seats for Scheduled Castes and Scheduled Tribes in the House of the People.,Elections and Representation,0.625030517578125
Reservation of seats for women in the House of the People.,Elections and Representation,0.47434380650520325
Representation of the Anglo-Indian community in the House of the People.,Elections and Representation,0.4440072774887085
Reservation of seats for Scheduled Castes and Scheduled Tribes in the Legislative Assemblies of the States.,State Government,0.43893951177597046
Reservation of seats for women in the Legislative Assemblies of the States.,State Government,0.6845386624336243
Representation of the Anglo-Indian community in the Legislative Assemblies of the States.,State Government,0.5349048972129822
Reservation of seats and special representation to cease after certain period.,Elections and Representation,0.25351497530937195
Claims of Scheduled Castes and Scheduled Tribes to services and posts.,Administrative Provisions,0.18751098215579987
Special provision for Anglo-Indian community in certain services.,Amendment Procedure,0.2551339864730835
Special provision with respect to educational grants for the benefit of Anglo-Indian Community.,Amendment Procedure,0.4306906759738922
Control of the Union over the administration of Scheduled Areas and the welfare of Scheduled Tribes.,Union Government,0.6354403495788574
Appointment of a Commission to investigate the conditions of backward classes.,Amendment Procedure,0.31872376799583435
PART XVII OFFICIAL LANGUAGE CHAPTER I.—LANGUAGE OF THE UNION 343.,Union Government,0.3752906024456024
Commission and Committee of Parliament on official language.,Judiciary,0.23915234208106995
Official language for communication between one State and another or between a State and the Union.,Union Government,0.27187469601631165
Special provision relating to language spoken by a section of the population of a State.,Amendment Procedure,0.19684875011444092
"Language to be used in the Supreme Court and in the High Courts and for Acts, Bills, etc.",Judiciary,0.7932193279266357
Special procedure for enactment of certain laws relating to language.,Amendment Procedure,0.35638320446014404
Language to be used in representations for redress of grievances.,Amendment Procedure,0.2538079023361206
Facilities for instruction in mother-tongue at primary stage.,Amendment Procedure,0.15944567322731018
Application of provisions relating to distribution of revenues while a Proclamation of Emergency is in operation.,Emergency Provisions,0.7723629474639893
Duty of the Union to protect States against external aggression and internal disturbance.,Union Government,0.6773642897605896
Provisions in case of failure of constitutional machinery in States.,State Government,0.4091077148914337
Exercise of legislative powers under Proclamation issued under article 356.,Emergency Provisions,0.17753691971302032
Suspension of provisions of article 19 during emergencies.,Emergency Provisions,0.8793706893920898
Suspension of the enforcement of the rights conferred by Part III during emergencies.,Emergency Provisions,0.49686068296432495
Protection of President and Governors and Rajpramukhs.,Administrative Provisions,0.3075556457042694
Protection of publication of proceedings of Parliament and State Legislatures.,Fundamental Rights,0.22482457756996155
Disqualification for appointment on remunerative political post.,Amendment Procedure,0.2342742532491684
"Bar to interference by courts in disputes arising out of certain treaties, agreements, etc.",Judiciary,0.3611532747745514
Recognition granted to Rulers of Indian States to cease and privy purses to be abolished.,State Government,0.3532674014568329
Special provisions as to major ports and aerodromes.,Amendment Procedure,0.292277067899704
"Effect of failure to comply with, or to give effect to, directions given by the Union.",Union Government,0.4956573247909546
Power of Parliament to amend the Constitution and procedure therefor.,Amendment Procedure,0.7837433218955994
"PART XXI TEMPORARY, TRANSITIONAL AND SPECIAL PROVISIONS 369.",Emergency Provisions,0.2716089189052582
Temporary power to Parliament to make laws with respect to certain matters in the State List as if they were matters in the Concurrent List.,State Government,0.21201427280902863
Temporary provisions with respect to the State of Jammu and Kashmir.,State Government,0.38007473945617676
Special provision with respect to the States of Maharashtra and Gujarat.,State Government,0.6828791499137878
Special provision with respect to the State of Nagaland.,State Government,0.4832383692264557
Special provision with respect to the State of Assam.,State Government,0.4736611843109131
Special provision with respect to the State of Manipur.,State Government,0.5229524374008179
Special provisions with respect to the State of Andhra Pradesh or the State of Telangana.,State Government,0.555695116519928
Establishment of Central University in Andhra Pradesh.,State Government,0.3769777715206146
Special provisions with respect to the State of Sikkim.,State Government,0.6528888940811157
Special provision with respect to the State of Mizoram.,State Government,0.4924979507923126
Special provision with respect to the State of Arunachal Pradesh.,State Government,0.501512885093689
Special provision with respect to the State of Goa.,State Government,0.4970323443412781
Special provisions with respect to the State of Karnataka.,State Government,0.5657480955123901
Continuance in force of existing laws and their adaptation.,Amendment Procedure,0.2612364888191223
Power of President to make order in respect of persons under preventive detention in certain cases.,Administrative Provisions,0.21295414865016937
Provisions as to Judges of the Federal Court and proceedings pending in the Federal Court or before His Majesty in Council.,Judiciary,0.8142877221107483
"Courts, authorities and officers to continue to function subject to the provisions of the Constitution.",Judiciary,0.718984067440033
Provisions as to Comptroller and Auditor-General of India.,Administrative Provisions,0.3921174705028534
Special provision as to duration of Andhra Pradesh Legislative Assembly.,State Government,0.6088674068450928
Provisions as to provisional Parliament and the Speaker and Deputy Speaker thereof.,Administrative Provisions,0.40084001421928406
Provisions as to provisional Legislatures for States in Part A of the First Schedule.,State Government,0.5431063175201416
Provision as to provisional LegislaturesinStates in Part Bof the First Schedule.,State Government,0.5344612002372742
Council of Ministers for States in Part B of the First Schedule.,State Government,0.6014362573623657
Special provision as to determination of population for the purposes of certain elections.,Elections and Representation,0.37221357226371765
Provisionsas tothe filling of casual vacancies in the provisional Parliament and provisional Legislatures of the States.,State Government,0.547766387462616
Provision as to Bills pending in the Dominion Legislatures and in the Legislatures of Provinces and Indian States.,State Government,0.24269609153270721
"Money received or raised or expenditure incurred between the commencement of the Constitution and the 31st day of March, 1950.",Fundamental Duties,0.1368006020784378
Power of the President to amend the First and Fourth Schedules in certain contingencies.,Amendment Procedure,0.48463761806488037
"PART XXII SHORT TITLE, COMMENCEMENT, AUTHORITATIVE TEXT IN HINDI AND REPEALS 393.",Judiciary,0.16143570840358734
SECOND SCHEDULE PART A—Provisions as to the President and the Governors of States.,State Government,0.651977002620697
PART C—Provisions as to the Speaker and the Deputy Speaker of the House of the People and the Chairman and the Deputy Chairman of the Council of States and the Speaker and the Deputy Speaker of the Legislative Assembly and the Chairman and the Deputy Chairman of the Legislative Council of a State.,Administrative Provisions,0.39650025963783264
PART D—Provisions as to the Judges of the Supreme Court and of the High Courts.,Judiciary,0.741615355014801
PART E—Provisions as to the Comptroller and Auditor-General of India.,Administrative Provisions,0.26483088731765747
(xxviii) Contents ARTICLES FOURTH SCHEDULE—Allocation of seats in the Council of States.,State Government,0.5152108669281006
FIFTH SCHEDULE— Provisions as to the Administration and Control of Scheduled Areas and Scheduled Tribes PART A—General.,Administrative Provisions,0.8272983431816101
PART B—Administration and Control of Scheduled Areas and Scheduled Tribes.,Administrative Provisions,0.44581571221351624
"SIXTH SCHEDULE— Provisions as to the Administration of Tribal Areas in the States of Assam, Meghalaya, Tripura and Mizoram.",Administrative Provisions,0.9036436676979065
NINTH SCHEDULE—Validation of certain Acts and Regulations.,Amendment Procedure,0.18415115773677826
TENTH SCHEDULE—Provisions as to disqualification on ground of defection.,Judiciary,0.1657530963420868
"ELEVENTH SCHEDULE—Powers, authority and responsibilities of Panchayats.",Fundamental Duties,0.5258493423461914
"TWELFTH SCHEDULE—Powers, authority and responsibilities of Municipalities, etc.",Administrative Provisions,0.3821628987789154
"APPENDICES APPENDIX I.—The Constitution (One Hundredth Amendment) Act, 2015.",Amendment Procedure,0.3775615692138672
"APPENDIX II.—The Constitution (Application to Jammu and Kashmir) Order, 2019.",Amendment Procedure,0.31428492069244385
APPENDIX III.—Declaration under article 370(3) oftheConstitution.,Fundamental Rights,0.20050588250160217
"THE CONSTITUTION OF INDIA PREAMBLE WE, THE PEOPLE OF INDIA, having solemnly resolved to constitute India into a 1[SOVEREIGN SOCIALIST SECULAR DEMOCRATIC REPUBLIC] and to secure to all its citizens: JUSTICE, social, economic and political; LIBERTY of thought, expression, belief, faith and worship; EQUALITYof status and of opportunity; and to promote among them all FRATERNITY assuring the dignity of the individual and the 2[unity and integrity of the Nation]; IN OUR CONSTITUENT ASSEMBLY this twenty-sixth day of November, 1949, do HEREBY ADOPT, ENACT AND GIVE TO OURSELVES THIS CONSTITUTION.",Fundamental Rights,0.504557192325592
"by the Constitution (Forty-second Amendment) Act,1976, s.2, for ""SOVEREIGN DEMOCRATIC REPUBLIC"" (w.e.f.",Amendment Procedure,0.2973560690879822
"Name and territory of the Union.—(1) India, that is Bharat, shall be a Union of States.",State Government,0.5793694257736206
1[(2) The States and the territories thereof shall be as specified in the First Schedule.],State Government,0.38816025853157043
(3) The territory of India shall comprise— (a) the territories of the States; 2[(b) the Union territories specified in the First Schedule; and] (c)such other territories as may be acquired.,State Government,0.360966295003891
"Admission or establishment of new States.—Parliament may by law admit into the Union, or establish, new States on such terms and conditions as it thinks fit.",Union Government,0.5047526955604553
"]—Omitted by the Constitution (Thirty-sixth Amendment)Act,1975, s.",Amendment Procedure,0.2472972422838211
"Formation of new States and alteration of areas, boundaries or names of existing States.—Parliament may by law— (a) form a new State by separation of territory from any State or by uniting two or more States or parts of States or by uniting any territory to a part of any State; (b)increase the area of any State; (c)diminish the area of any State; (d)alter the boundaries of any State; (e)alter the name of any State: ______________________________________________ 1.",Amendment Procedure,0.3027811050415039
"by the Constitution (Seventh Amendment) Act, 1956, s.",Amendment Procedure,0.30939096212387085
"by the Constitution (Thirty-fifth Amendment) Act, 1974, s.",Amendment Procedure,0.34521183371543884
"2 3 THE CONSTITUTION OF INDIA (PartI.—Union and its territory) 1[Provided that no Bill for the purpose shall be introduced in either House of Parliament except on the recommendation of the President and unless, where the proposal contained in the Bill affects the area, boundaries or name of any of the States12***, the Bill has been referred by the President to the Legislature of that State for expressing its views thereon within such period as may be specified in the reference or within such further period as the President may allow and the period so specified or allowed has expired.]",Union Government,0.44543519616127014
"3[Explanation I.—In this article, in clauses (a) to (e), “State” includes a Union territory, but in the proviso, “State” does not include a Union territory.",State Government,0.18102315068244934
Explanation II.—The power conferred on Parliament by clause (a) includes the power to form a new State or Union territory by uniting a part of any State or Union territory to any other State or Union territory.],Union Government,0.22475665807724
"Laws made under articles 2 and 3 to provide for the amendment of the First and the Fourth Schedules and supplemental, incidental and consequential matters.—(1) Any law referred to in article 2 or article 3 shall contain such provisions for the amendment of the First Schedule and the Fourth Schedule as may be necessary to give effect to the provisions of the law and may also contain such supplemental, incidental and consequential provisions (including provisions as to representation in Parliament and in the Legislature or Legislatures of the State or States affected by such law) as Parliament may deem necessary.",Amendment Procedure,0.3056940734386444
(2) No such law as aforesaid shall be deemed to be an amendment of this Constitution for the purposes of article 368.,Amendment Procedure,0.1607220619916916
"by the Constitution (Fifth Amendment) Act, 1955, s.",Amendment Procedure,0.3074790835380554
"The words and letters ""specified in Part A or Part B of the First Schedule"" omitted by the Constitution (Seventh Amendment) Act, 1956,s.",Amendment Procedure,0.35023000836372375
"by the Constitution (Eighteenth Amendment) Act, 1966, s.",Amendment Procedure,0.3487984240055084
"Citizenship at the commencement of the Constitution.—At the commencement of this Constitution, every person who has his domicile in the territory of India and— (a) who was born in the territory of India; or (b) either of whose parents was born in the territory of India; or (c) who has been ordinarily resident in the territory of India for not less than five years immediately preceding such commencement, shall be a citizen of India.",Judiciary,0.18736204504966736
"Rights of citizenship of certain persons who have migrated to India from Pakistan.—Notwithstanding anything in article 5, a person who has migrated to the territory of India from the territory now included in Pakistan shall be deemed to be a citizen of India at the commencement of this Constitution if— (a) he or either of his parents or any of his grand-parents was born in India as defined in the Government of India Act, 1935 (as originally enacted); and (b)(i) in the case where such person has so migrated before the nineteenth day of July, 1948, he has been ordinarily resident in the territory of India since the date of his migration, or (ii)in the case where such person has so migrated on or after the nineteenth day of July, 1948, he has been registered as a citizen of India by an officer appointed in that behalf by the Government of the Dominion of India on an application made by him therefor to such officer before the commencement of this Constitution in the form and manner prescribed by that Government: Provided that no person shall be so registered unless he has been resident in the territory of India for at least six months immediately preceding the date of his application.",Fundamental Rights,0.18801437318325043
"Rights of citizenship of certain migrants to Pakistan.— Notwithstanding anything in articles 5 and 6, a person who has after the first day of March, 1947, migrated from the territory of India to the territory now included in Pakistan shall not be deemed to be a citizen of India: 4 5 THE CONSTITUTION OF INDIA (Part II.—Citizenship) Provided that nothing in this article shall apply to a person who, after having so migrated to the territory now included in Pakistan, has returned to the territory of India under a permit for resettlement or permanent return issued by or under the authority of any law and every such person shall for the purposes of clause (b) of article 6 be deemed to have migrated to the territory of India after the nineteenth day of July, 1948.",Fundamental Rights,0.18722732365131378
"Rights of citizenship of certain persons of Indian origin residing outside India.—Notwithstanding anything in article 5, any person who or either of whose parents or any of whose grand-parents was born in India as defined in the Government of India Act, 1935 (as originally enacted), and who is ordinarily residing in any country outside India as so defined shallbe deemed to be a citizen of India if he has been registered as a citizen of India by the diplomatic or consular representative of India in the country where he is for the time being residing on an application made by him therefor to such diplomatic or consular representative, whether before or after the commencement of this Constitution, in the form and manner prescribed by the Government of the Dominion of India or the Government of India.",Fundamental Rights,0.22599948942661285
"Persons voluntarily acquiring citizenship of a foreign State not to be citizens.—No person shall be a citizen of India by virtue of article 5, or be deemed to be a citizen of India by virtue of article 6 or article 8, if he has voluntarily acquired the citizenship of any foreign State.",Judiciary,0.2234037220478058
"Continuance of the rights of citizenship.—Every person who is or is deemed to be a citizen of India under any of the foregoing provisions of this Part shall, subject to the provisions of any law that may be made by Parliament, continue to be such citizen.",Fundamental Rights,0.3460564911365509
Parliament to regulate the right of citizenship by law.—Nothing in the foregoing provisions of this Part shall derogate from the power of Parliament to make any provision with respect to the acquisition and termination of citizenship and all other matters relating to citizenship.,Fundamental Rights,0.22953829169273376
"Definition.—In this Part, unless the context otherwise requires, “the State” includes the Government and Parliament of India and the Government and the Legislature of each of the States and all local or other authorities within the territory of India or under the control of the Government of India.",State Government,0.6341284513473511
"Laws inconsistent with or in derogation of the fundamental rights.—(1) All laws in force in the territory of India immediately before the commencement of this Constitution, in so far as they are inconsistent with the provisions of this Part, shall, to the extent of such inconsistency, be void.",Fundamental Rights,0.936376690864563
"(2) The State shall not make any law which takes away or abridges the rights conferred by this Part and any law made in contravention of this clause shall, to the extent of the contravention, be void.",State Government,0.25639671087265015
"(3) In this article, unless the context otherwise requires,— (a) “law” includes any Ordinance, order, bye-law, rule, regulation, notification, custom or usage having in the territory of India the force of law; (b)“laws in force” includes laws passed or made by a Legislature or other competent authority in the territory of India before the commencement of this Constitution and not previously repealed, notwithstanding that any such law or any part thereof may not be then in operation either at all or in particular areas.",Judiciary,0.19454926252365112
1[(4) Nothing in this article shall apply to any amendment of this Constitution made under article 368.],Amendment Procedure,0.2829400897026062
Equality before law.—The State shall not deny to any person equality before the law or the equal protection of the laws within the territory of India.,Fundamental Rights,0.35112565755844116
"Prohibition of discrimination on grounds of religion, race, caste, sex or place of birth.—(1) The State shall not discriminate against any citizen on grounds only of religion, race, caste, sex, place of birth or any of them.",Fundamental Rights,0.2042115181684494
"(2) No citizen shall, on grounds only of religion, race, caste, sex, place of birth or any of them, be subject to any disability, liability, restriction or condition with regard to— ______________________________________________ 1.",Fundamental Rights,0.387844979763031
"by the Constitution (Twenty-fourth Amendment) Act, 1971, s.",Amendment Procedure,0.3298032283782959
"6 7 THE CONSTITUTION OF INDIA (Part III.—Fundamental Rights) (a) access to shops, public restaurants, hotels and places of public entertainment; or (b) the use of wells, tanks, bathing ghats, roads and places of public resort maintained wholly or partly out of State funds or dedicated to the use of the general public.",Fundamental Rights,0.9396088123321533
(3) Nothing in this article shall prevent the State from making any special provision for women and children.,State Government,0.3224157691001892
1[(4) Nothing in this article or in clause (2) of article 29 shall prevent the State from making any special provision for the advancement of any socially and educationally backward classes of citizens or for the Scheduled Castes and the Scheduled Tribes.],State Government,0.31734320521354675
"2[(5) Nothing in this article or in sub-clause (g) of clause (1) of article 19 shall prevent the State from making any special provision, by law, for the advancement of any socially and educationally backward classes of citizens or for the Scheduled Castes or the Scheduled Tribes in so far as such special provisions relate to their admission to educational institutions including private educational institutions, whether aided or unaided by the State, other than the minority educational institutions referred to in clause (1) of article 30.]",State Government,0.2374100536108017
"3[(6) Nothing in this article or sub-clause (g) of clause (1) of article 19 or clause (2) of article 29 shall prevent the State from making,— (a) any special provision for the advancement of any economically weaker sections of citizens other than the classes mentioned in clauses (4) and (5); and (b) any special provision for the advancement of any economically weaker sections of citizens other than the classes mentioned in clauses (4) and (5) in so far as such special provisions relate to their admission to educational institutions including private educational institutions, whether aided or unaided by the State, other than the minority educational institutions referred to in clause (1) of article 30, which in the case of reservation would be in addition to the existing reservations and subject to a maximum of ten per cent.",State Government,0.20793530344963074
"Addedby the Constitution (First Amendment) Act, 1951, s.",Fundamental Rights,0.38508322834968567
"by the Constitution (Ninety-third Amendment) Act, 2005, s.",Amendment Procedure,0.32671549916267395
"by the Constitution (One Hundred and Third Amendment) Act, 2019, s.",Amendment Procedure,0.32636260986328125
"8 THE CONSTITUTION OF INDIA (Part III.—Fundamental Rights) Explanation.—For the purposes of this article and article 16, ""economically weaker sections"" shall be such as may be notified by the State from time to time on the basis of family income and other indicators of economic disadvantage.]",Fundamental Rights,0.9126690030097961
Equality of opportunity in matters of public employment.—(1) There shall be equality of opportunity for all citizens in matters relating to employment or appointment to any office under the State.,State Government,0.22974750399589539
"(2) No citizen shall, on grounds only of religion, race, caste, sex, descent, place of birth, residence or any of them, be ineligible for, or discriminated against in respect of, any employment or office under the State.",Fundamental Rights,0.33397766947746277
"(3) Nothing in this article shall prevent Parliament from making any law prescribing, in regard to a class or classes of employment or appointment to an office 1[under the Government of, or any local or other authority within, a State or Union territory, any requirement as to residence within that State or Union territory]prior to such employment or appointment.",State Government,0.20442774891853333
"(4) Nothing in this article shall prevent the State from making any provision for the reservation of appointments or posts in favour of any backward class of citizens which, in the opinion of the State, is not adequately represented in the services under the State.",State Government,0.376400351524353
"2[(4A) Nothing in this article shall prevent the State from making any provision for reservation 3[in matters of promotion, with consequential seniority, to any class] or classes of posts in the services under the State in favour of the Scheduled Castes and the Scheduled Tribes which, in the opinion of the State, are not adequately represented in the services under the State.]",State Government,0.29735296964645386
4[(4B) Nothing in this article shall prevent the State from considering any unfilled vacancies of a year which are reserved for being filled up in that year in accordance with any provision for reservation made under clause (4) or clause (4A) as a separate class of vacancies to be filled up in any succeeding year or years and such class of vacancies shall not be considered together with the vacancies of the year in which they are being filled up for determining the ceiling of fifty per cent.,State Government,0.21104878187179565
reservation on total number of vacancies of that year.],Amendment Procedure,0.20261895656585693
"by the Constitution (Seventh Amendment) Act, 1956,s.",Amendment Procedure,0.3253898024559021
"29 and Sch., for ""under any State specified in the First Schedule or any local or other authority within its territory, anyrequirement as to residence within that State"" (w.e.f.",State Government,0.3538056015968323
"by the Constitution (Seventy-seventh Amendment) Act, 1995, s.",Amendment Procedure,0.34752365946769714
"by the Constitution (Eighty-fifthAmendment) Act, 2001,s.",Amendment Procedure,0.30469706654548645
"by the Constitution (Eighty-firstAmendment) Act, 2000,s.",Fundamental Rights,0.24517439305782318
9 THE CONSTITUTION OF INDIA (Part III.—Fundamental Rights) (5) Nothing in this article shall affect the operation of any law which provides that the incumbent of an office in connection with the affairs of any religious or denominational institution or any member of the governing body thereof shall be a person professing a particular religion or belonging to a particular denomination.,Fundamental Rights,0.9313711524009705
"1[(6) Nothing in this article shall prevent the State from making any provision for the reservation of appointments or posts in favour of any economically weaker sections of citizens other than the classes mentioned in clause (4), in addition to the existing reservation and subject to a maximum of ten per cent.",State Government,0.3238533139228821
Abolition of Untouchability.—“Untouchability” is abolished and its practice in any form is forbidden.,Fundamental Duties,0.20409050583839417
The enforcement of any disability arising out of “Untouchability” shall be an offence punishable in accordance with law.,Fundamental Rights,0.22230929136276245
"Abolition of titles.—(1) No title, not being a military or academic distinction, shall be conferred by the State.",State Government,0.3027411103248596
(2) No citizen of India shall accept any title from any foreign State.,Fundamental Duties,0.2326177954673767
"(3) No person who is not a citizen of India shall, while he holds any office of profit or trust under the State, accept without the consent of the President any title from any foreign State.",Fundamental Duties,0.18867266178131104
"(4) No person holding any office of profit or trust under the State shall, without the consent of the President, accept any present, emolument, or office of any kind from or under any foreign State.",State Government,0.2989461123943329
"Protection of certain rights regarding freedom of speech, etc.— (1) All citizens shall have the right— (a) to freedom of speech and expression; (b) to assemble peaceably and without arms; (c) to form associations or unions2[or co-operative societies]; (d) to move freely throughout the territory of India; ______________________________________________ 1.",Fundamental Rights,0.5571510791778564
"by the Constitution (One Hundred and Third Amendment) Act, 2019, s.",Amendment Procedure,0.32636260986328125
"Ins.by the Constitution (Ninety-seventh Amendment) Act, 2011, s.",Amendment Procedure,0.29142430424690247
"10 THE CONSTITUTION OF INDIA (Part III.—Fundamental Rights) (e) to reside and settle in any part of the territory of India; 1[and] 2[(f)* * * * *] (g) to practise any profession, or to carry on any occupation, trade or business.",Fundamental Rights,0.8858636617660522
"3[(2) Nothing in sub-clause (a) of clause (1) shall affect the operation of any existing law, or prevent the State from making any law, in so far as such law imposes reasonable restrictions on the exercise of the right conferred by the said sub-clause in the interests of 4[the sovereignty and integrity of India], the security of the State, friendly relations with foreign States, public order, decency or morality, or in relation to contempt of court, defamation or incitement to an offence.]",State Government,0.21418781578540802
"(3) Nothing in sub-clause (b) of the said clause shall affect the operation of any existing law in so far as it imposes, or prevent the State from making any law imposing, in the interests of 4[the sovereignty and integrity of India or] public order, reasonable restrictions on the exercise of the right conferred by the said sub-clause.",State Government,0.22741219401359558
"(4) Nothing in sub-clause (c) of the said clause shall affect the operation of any existing law in so far as it imposes, or prevent the State from making any law imposing, in the interests of 4[the sovereignty and integrity of India or] public order or morality, reasonable restrictions on the exercise of the right conferred by the said sub-clause.",State Government,0.2345375418663025
"(5) Nothing in 5[sub-clauses (d) and (e)] of the said clause shall affect the operation of any existing law in so far as it imposes, or prevent the State from making any law imposing, reasonable restrictions on the exercise of any of the rights conferred by the said sub-clauses either in the interests of the general public or for the protection of the interests of any Scheduled Tribe.",Judiciary,0.24197006225585938
"______________________________________________ 1.Ins.by the Constitution (Forty-fourth Amendment) Act, 1978, s.",Amendment Procedure,0.2561549246311188
"by the Constitution (First Amendment) Act, 1951, s.",Fundamental Rights,0.4427628517150879
"4.Ins.by the Constitution (Sixteenth Amendment) Act, 1963, s.",Amendment Procedure,0.269049733877182
"Subs.by the Constitution (Forty-fourth Amendment) Act, 1978, s.",Amendment Procedure,0.3527282476425171
"11 THE CONSTITUTION OF INDIA (Part III.—Fundamental Rights) (6) Nothing in sub-clause (g) of the said clause shall affect the operation of any existing law in so far as it imposes, or prevent the State from making any law imposing, in the interests of the general public, reasonable restrictions on the exercise of the right conferred by the said sub-clause, and, in particular, 1[nothing in the said sub-clause shall affect the operation of any existing law in so far as it relates to, or prevent the State from making any law relating to,— (i) the professional or technical qualifications necessary for practising any profession or carrying on any occupation, trade or business;or (ii) the carrying on by the State, or by a corporation owned or controlled by the State, of any trade, business, industry or service, whether to the exclusion, complete or partial, of citizens or otherwise.]",Fundamental Rights,0.8428885340690613
"Protection in respect of conviction for offences.—(1) No person shall be convicted of any offence except for violation of a law in force at the time of the commission of the Act charged as an offence, nor be subjected to a penalty greater than that which might have been inflicted under the law in force at the time of the commission of the offence.",Judiciary,0.22698122262954712
(2) No person shall be prosecuted and punished for the same offence more than once.,Judiciary,0.24512241780757904
(3) No person accused of any offence shall be compelled to be a witness against himself.,Fundamental Rights,0.38958415389060974
Protection of life and personal liberty.—No person shall be deprived of his life or personal liberty except according to procedure established by law.,Fundamental Rights,0.5391714572906494
"Right to education.—The State shall provide free and compulsory education to all children of the age of six to fourteen years in such manner as the State may, by law, determine.]",Fundamental Rights,0.38815033435821533
"Protection against arrest and detention in certain cases.—(1) No person who is arrested shall be detained in custody without being informed, as soon as may be, of the grounds for such arrest nor shall he be denied the right to consult, and to be defended by, a legal practitioner of his choice.",Fundamental Rights,0.41560569405555725
"by the Constitution (First Amendment) Act, 1951, s.",Fundamental Rights,0.4427628517150879
"by the Constitution (Eighty-sixth Amendment) Act, 2002, s.",Amendment Procedure,0.3150087296962738
12 THE CONSTITUTION OF INDIA (Part III.—Fundamental Rights) (2) Every person who is arrested and detained in custody shall be produced before the nearest magistrate within a period of twenty-four hours of such arrest excluding the time necessary for the journey from the place of arrest to the court of the magistrate and no such person shall be detained in custody beyond the said period without the authority of a magistrate.,Fundamental Rights,0.7732053399085999
(3) Nothing in clauses (1) and (2) shall apply— (a) to any person who for the time being is an enemy alien; or (b) to any person who is arrested or detained under any law providing for preventive detention.,Judiciary,0.25769203901290894
"(4) No law providing for preventive detention shall authorise the detention of a person for a longer period than three months unless— (a) an Advisory Board consisting of persons who are, or have been, or are qualified to be appointed as, Judges of a High Court has reported before the expiration of the said period of three months that there is in its opinion sufficient cause for such detention: ______________________________________________ Cl.",Judiciary,0.4070979654788971
"(4) shall stand substituted by the Constitution (Forty-fourth Amendment) Act, 1978, s.",Amendment Procedure,0.44146329164505005
"3 (date yet to be notified) as— ""(4) No law providing for preventive detention shall authorise the detention of a person for a longer period than two months unless an Advisory Board constituted in accordance with the recommendations of the Chief Justice of the appropriate High Court has reported before the expiration of the said period of two months that there is in its opinion sufficient cause for such detention: Provided that an Advisory Board shall consist of a Chairman and not less than two other members, and the Chairman shall be a serving Judge of the appropriate High Court and the other members shall be serving or retired Judges of any High Court: Provided further that nothing in this clause shallauthorise the detention of any person beyond the maximum period prescribed by any law made by Parliament under sub-clause (a) of clause (7).",Judiciary,0.26626792550086975
"Explanation.—In this clause,""appropriate High Court"" means,— (i) in the case of the detention of a person in pursuance of an order of detention made by the Government of India or an officer or authority subordinate to that Government, the High Court for the Union territory of Dehli; (ii)in the case of the detention of a person in pursuance of an order of detention made by the Government of any State (other than a Union territory), the High Court for that State; and (iii) in the case of the detention of a person in pursuance of an order of detention made bytheadministrator of a Union territory or an officer or authority subordinate to such administrator, such High Court as may be specified by or under any law made by Parliament in this behalf."".",State Government,0.2763541638851166
13 THE CONSTITUTION OF INDIA (Part III.—Fundamental Rights) Provided that nothing in this sub-clause shall authorise the detention of any person beyond the maximum period prescribed by any law made by Parliament under sub-clause (b) of clause (7); or (b) such person is detained in accordance with the provisions of any law made by Parliament under sub-clauses (a) and (b) of clause (7).,Fundamental Rights,0.8707334995269775
"(5) When any person is detained in pursuance of an order made under any law providing for preventive detention, the authority making the order shall, as soon as may be, communicate to such person the grounds on which the order has been made and shall afford him the earliest opportunity of making a representation against the order.",Judiciary,0.2323351949453354
(6) Nothing in clause (5) shall require the authority making any such order as is referred to in that clause to disclose facts which such authority considers to be against the public interest to disclose.,Administrative Provisions,0.2249923199415207
"(7) Parliament may by law prescribe— (a) the circumstances under which, and the class or classes of cases in which, a person may be detained for a period longer than three months under any law providing for preventive detention without obtaining the opinion of an Advisory Board in accordance with the provisions of sub-clause (a) of clause (4); (b) the maximum period for which any person may in any class or classes of cases be detained under any law providing for preventive detention; and (c) the procedure to be followed by an Advisory Board in an inquiry under sub-clause (a) of clause (4).",Judiciary,0.3327443599700928
"______________________________________________ Sub-clause (a) shall stand omitted by theConstitution (Forty-fourth Amendment) Act, 1978, s.",Amendment Procedure,0.30411049723625183
Sub-clause (b) shall stand re-lettered as sub-clause (a) by s.,Amendment Procedure,0.26828375458717346
Sub-clause (c) shall stand re-lettered as sub-clause (b) by s.,Amendment Procedure,0.2799304127693176
"Sub-clause (a) of clause (4)shall stand substituted as ""clause (4)"" by s.",Amendment Procedure,0.2904702425003052
14 THE CONSTITUTION OF INDIA (Part III.—Fundamental Rights) Right against Exploitation 23.,Fundamental Rights,0.8865922093391418
Prohibition of traffic in human beings and forced labour.—(1) Traffic in human beings and begarand other similar forms of forced labour are prohibited and any contravention of this provision shall be an offence punishable in accordance with law.,Judiciary,0.20455974340438843
"(2) Nothing in this article shall prevent the State from imposing compulsory service for public purposes, and in imposing such service the State shall not make any discrimination on grounds only of religion, race, caste or class or any of them.",Fundamental Rights,0.22586144506931305
"Prohibition of employment of children in factories, etc.—No child below the age of fourteen years shall be employed to work in any factory or mine or engaged in any other hazardous employment.",Amendment Procedure,0.20824827253818512
"Freedom of conscience and free profession, practice and propagation of religion.—(1) Subject to public order, morality and health and to the other provisions of this Part, all persons are equally entitled to freedom of conscience and the right freely to profess, practiceand propagate religion.",Fundamental Rights,0.5539570450782776
"(2) Nothing in this article shall affect the operation of any existing law or prevent the State from making any law— (a) regulating or restricting any economic, financial, political or other secular activity which may be associated with religious practice; (b) providing for social welfare and reform or the throwing open of Hindu religious institutions of a public character to all classes and sections of Hindus.",Fundamental Rights,0.21913650631904602
Explanation I.—The wearing and carrying of kirpansshall be deemed to be included in the profession of the Sikh religion.,Fundamental Duties,0.21893812716007233
"Explanation II.—In sub-clause (b) of clause (2), the reference to Hindus shall be construed as including a reference to persons professing the Sikh, Jaina or Buddhist religion, and the reference to Hindu religious institutions shall be construed accordingly.",Amendment Procedure,0.22181075811386108
"Freedom to manage religious affairs.—Subject to public order, morality and health, every religious denomination or any section thereof shall have the right— (a) to establish and maintain institutions for religious and charitable purposes; 15 THE CONSTITUTION OF INDIA (Part III.—Fundamental Rights) (b) to manage its own affairs in matters of religion; (c) to own and acquire movable and immovable property; and (d) to administer such property in accordance with law.",Fundamental Rights,0.8530128002166748
"Freedom as to payment of taxes for promotion of any particular religion.—No person shall be compelled to pay any taxes, the proceeds of which are specifically appropriated in payment of expenses for the promotion or maintenance of any particular religion or religious denomination.",Fundamental Rights,0.4910029172897339
Freedom as to attendance at religious instruction or religious worship in certain educational institutions.—(1) No religious instruction shall be provided in any educational institution wholly maintained out of State funds.,Fundamental Rights,0.4887072443962097
(2) Nothing in clause (1) shall apply to an educational institution which is administered by the State but has been established under any endowment or trust which requires that religious instruction shall be imparted in such institution.,State Government,0.31344565749168396
"(3) No person attending any educational institution recognised by the State or receiving aid out of State funds shall be required to take part in any religious instruction that may be imparted in such institution or to attend any religious worship that may be conducted in such institution or in any premises attached thereto unless such person or, if such person is a minor, his guardian has given his consent thereto.",Fundamental Rights,0.21609856188297272
"Protection of interests of minorities.—(1) Any section of the citizens residing in the territory of India or any part thereof having a distinct language, script or culture of its own shall have the right to conserve the same.",Fundamental Duties,0.2530547082424164
"(2) No citizen shall be denied admission into any educational institution maintained by the State or receiving aid out of State funds on grounds only of religion, race, caste, language or any of them.",Fundamental Rights,0.29392609000205994
"Right of minorities to establish and administer educational institutions.—(1) All minorities, whether based on religion or language, shall have the right to establish and administer educational institutions of their choice.",Fundamental Rights,0.43303677439689636
"16 THE CONSTITUTION OF INDIA (Part III.—Fundamental Rights) 1[(1A) In making any law providing for the compulsory acquisition of any property of an educational institution established and administered by a minority, referred to in clause (1), the State shall ensure that the amount fixed by or determined under such law for the acquisition of such property is such as would not restrict or abrogate the right guaranteed under that clause.]",Fundamental Rights,0.8544113636016846
"(2) The State shall not, in granting aid to educational institutions, discriminate against any educational institution on the ground that it is under the management of a minority, whether based on religion or language.",State Government,0.2880832552909851
"].—Omittedby the Constitution (Forty-fourth Amendment)Act, 1978, s.",Amendment Procedure,0.35165688395500183
"Saving of laws providing for acquisition of estates, etc.— 5[(1) Notwithstanding anything contained in article 13, no law providing for— (a) the acquisition by the State of any estate or of any rights therein or the extinguishment or modification of any such rights;or (b) the taking over of the management of any property by the State for a limited period either in the public interest or in order to secure the proper management of the property;or (c) the amalgamation of two or more corporations either in the public interest or in order to secure the proper management of any of the corporations; or (d) the extinguishment or modification of any rights of managing agents, secretaries and treasurers, managing directors, directors or managers of corporations, or of any voting rights of shareholders thereof;or ______________________________________________ 1.",Judiciary,0.1852099895477295
"by the Constitution (Forty-fourth Amendment) Act, 1978, s.",Amendment Procedure,0.29899919033050537
"by the Constitution (Forty-second Amendment) Act, 1976, s.",Amendment Procedure,0.33505508303642273
"by the Constitution (Fourth Amendment) Act, 1955, s.",Amendment Procedure,0.26805755496025085
"17 THE CONSTITUTION OF INDIA (Part III.—Fundamental Rights) (e) the extinguishment or modification of any rights accruing by virtue of any agreement, lease or licence for the purpose of searching for, or winning, any mineral or mineral oil, or the premature termination or cancellation of any such agreement, lease or licence, shall be deemed to be void on the ground that it is inconsistent with, or takes away or abridges any of the rights conferred by 1[article 14 or article 19]: Provided that where such law is a law made by the Legislature of a State, the provisions of this article shall not apply thereto unless such law, having been reserved for the consideration of the President, has received his assent:] 2[Provided further that where any law makes any provision for the acquisition by the State of any estate and where any land comprised therein is held by a person under his personal cultivation, it shall not be lawful for the State to acquire any portion of such land as is within the ceiling limit applicable to him under any law for the time being in force or any building or structure standing thereon or appurtenant thereto, unless the law relating to the acquisition of such land, building or structure, provides for payment of compensation at a rate which shall not be lessthan the market value thereof.]",Fundamental Rights,0.7317763566970825
"(2) In this article,— 3[(a) the expression “estate”shall, in relation to any local area, have the same meaning as that expression or its local equivalent has in the existing law relating to land tenures in force in that area and shall also include— (i) anyjagir, inam or muafi or other similar grant and in the States of 4[Tamil Nadu]and Kerala, any janmam right; (ii) any land held under ryotwari settlement; (iii) any land held or let for purposes of agriculture or for purposes ancillary thereto, including waste land, forest land, land for pasture or sites of buildings and other structures occupied by cultivators of land, agricultural labourers and village artisans;] ______________________________________________ 1.",Judiciary,0.18293806910514832
"by the Constitution (Forty-fourth Amendment) Act, 1978, s.",Amendment Procedure,0.29899919033050537
"7, for ""article 14, article 19 or article 31"" (w.e.f.",Amendment Procedure,0.21744363009929657
"by the Constitution (Seventeenth Amendment) Act, 1964, s.",Amendment Procedure,0.3421332836151123
"by s.2(ii),ibid.,for sub-clause (a)(with retrospective effect).",Amendment Procedure,0.2521135210990906
"by the Madras State (Alteration of Name) Act, 1968 (53 of 1968), s.",State Government,0.49354732036590576
"18 THE CONSTITUTION OF INDIA (Part III.—Fundamental Rights) (b) the expression “rights”, in relation to an estate, shall include any rights vesting in a proprietor, sub-proprietor, under-proprietor, tenure- holder, 1[raiyat, under-raiyat] or other intermediary and any rights or privileges in respect of land revenue.]",Fundamental Rights,0.8631550669670105
"Validation of certain Acts and Regulations.—Without prejudice to the generality of the provisions contained in article 31A, none of the Acts and Regulations specified in the Ninth Schedule nor any of the provisions thereof shall be deemed to be void, or ever to have become void, on the ground that such Act, Regulation or provision is inconsistent with, or takes away or abridges any of the rights conferred by, any provisions of this Part, and notwithstanding any judgment, decree or order of any court or Tribunal to the contrary, each of the said Acts and Regulations shall, subject to the power of any competent Legislature to repeal or amend it, continue in force.]",Judiciary,0.2009405940771103
"Saving of laws giving effect to certain directive principles.— Notwithstanding anything contained in article 13, no law giving effect to the policy of the State towards securing 4[all or any of the principles laid down in Part IV] shall be deemed to be void on the ground that it is inconsistent with, or takes away or abridges any of the rights conferred by 5[article 14 or article 19;] 6[and no law containing a declaration that it is for giving effect to such policy shall be called in question in any court on the ground that it does not give effect to such policy]: Provided that where such law is made by the Legislature of a State, the provisions of this article shall not apply thereto unless such law, having been reserved for the consideration of the President, has received his assent.]",Fundamental Rights,0.27618837356567383
[Saving of laws in respect of anti-national activities.,Amendment Procedure,0.2821635901927948
"].—Omitted by the Constitution (Forty-third Amendment)Act,1977, s.",Amendment Procedure,0.28297603130340576
______________________________________________ 1.Ins.,Fundamental Duties,0.17269094288349152
"by the Constitution (Fourth Amendment) Act, 1955, s.3(with retrospective effect).",Amendment Procedure,0.3333386182785034
"by the Constitution (First Amendment) Act, 1951, s.",Fundamental Rights,0.4427628517150879
"by the Constitution (Twenty-fifth Amendment) Act, 1971, s.",Amendment Procedure,0.3367053270339966
"by the Constitution (Forty-second Amendment) Act, 1976, s.",Amendment Procedure,0.33505508303642273
"4, for “the principles specified in clause (b) or clause (c) of article 39” (w.e.f.",Judiciary,0.1753576099872589
Section 4 has been declared invalid by the Supreme Court inMinerva Mills Ltd.,Judiciary,0.21574342250823975
"and Others VsUnion of India and Others, AIR 1980SC1789.",Union Government,0.7650347948074341
"by the Constitution (Forty-fourth Amendment) Act, 1978, s.",Amendment Procedure,0.29899919033050537
"8, for “article 14, article 19 or article 31” (w.e.f.",Amendment Procedure,0.2040351778268814
The words in italics struck down by the Supreme Court inKesavananda Bharati vs.,Judiciary,0.21974343061447144
"by the Constitution (Forty-second Amendment) Act, 1976, s.",Amendment Procedure,0.33505508303642273
19 THE CONSTITUTION OF INDIA (Part III.—Fundamental Rights) Right to Constitutional Remedies 32.,Fundamental Rights,0.8878896832466125
Remedies for enforcement of rights conferred by this Part.—(1) The right to move the Supreme Court by appropriate proceedings for the enforcement of the rights conferred by this Part is guaranteed.,Judiciary,0.38108453154563904
"(2) The Supreme Court shall have power to issue directions or orders or writs, including writs in the nature of habeas corpus, mandamus, prohibition, quo warranto and certiorari, whichever may be appropriate, for the enforcement of any of the rights conferred by this Part.",Judiciary,0.49749746918678284
"(3) Without prejudice to the powers conferred on the Supreme Court by clauses (1) and (2), Parliament may by law empower any other court to exercise within the local limits of its jurisdiction all or any of the powers exercisable by the Supreme Court under clause (2).",Judiciary,0.35707059502601624
(4) The right guaranteed by this article shall not be suspended except as otherwise provided for by this Constitution.,Fundamental Rights,0.30209943652153015
[Constitutional validity of State laws not to be considered in proceedings under article 32.,Judiciary,0.2162632793188095
"].—Omitted by the Constitution (Forty-third Amendment)Act, 1977,s.",Amendment Procedure,0.3073531687259674
"Power of Parliament to modify the rights conferred by this Part in their application to Forces, etc.—Parliament may, by law, determine to what extent any of the rights conferred by this Part shall, in their application to,— (a) the members of the Armed Forces; or (b)the members of the Forces charged with the maintenance of public order; or (c)persons employed in any bureau or other organisation established by the State for purposes of intelligence or counter intelligence; or (d)person employed in, or in connection with, the telecommunication systems set up for the purposes of any Force, bureau or organisation referred to in clauses (a)to (c), be restricted or abrogated so as to ensure the proper discharge of their duties and the maintenance of discipline among them.]",Amendment Procedure,0.24214932322502136
"by the Constitution (Forty-second Amendment) Act, 1976, s.",Amendment Procedure,0.33505508303642273
"by the Constitution (Fiftieth Amendment) Act, 1984, s.",Amendment Procedure,0.3505235016345978
20 THE CONSTITUTION OF INDIA (Part III.—Fundamental Rights) 34.,Fundamental Rights,0.8952409029006958
"Restriction on rights conferred by this Part while martial law is in force in any area.—Notwithstanding anything in the foregoing provisions of this Part, Parliament may by law indemnify any person in the service of the Union or of a State or any other person in respect of any act done by him in connection with the maintenance or restoration of order in any area within the territory of India where martial law was in force or validate any sentence passed, punishment inflicted, forfeiture ordered or other act done under martial law in such area.",Union Government,0.1995937079191208
"Legislation to give effect to the provisions of this Part.— Notwithstanding anything in this Constitution,— (a) Parliament shall have, and the Legislature of a State shall not have, power to make laws— (i) with respect to any of the matters which under clause (3) of article 16, clause (3) of article 32, article 33 and article 34 may be provided for by law made by Parliament; and (ii) for prescribing punishment for those acts which are declared to be offences under this Part, and Parliament shall, as soon as may be after the commencement of this Constitution, make laws for prescribing punishment for the acts referred to in sub-clause (ii); (b) any law in force immediately before the commencement of this Constitution in the territory of India with respect to any of the matters referred to in sub-clause (i) of clause (a) or providing for punishment for any act referred to in sub-clause (ii) of that clause shall, subject to the terms thereof and to any adaptations and modifications that may be made therein under article 372, continue in force until altered or repealed or amended by Parliament.",Judiciary,0.17519982159137726
"Explanation.—In this article, the expression ""law in force'' has the same meaning as in article 372.",Judiciary,0.291317343711853
"Definition.—In this Part, unless the context otherwise requires, “the State” has the same meaning as in Part III.",State Government,0.33374685049057007
"Application of the principles contained in this Part.—The provisions contained in this Part shall not be enforceable by any court, but the principles therein laid down are nevertheless fundamental in the governance of the country and it shall be the duty of the State to apply these principles in making laws.",Fundamental Duties,0.47357049584388733
"State to secure a social order for the promotion of welfare of the people.—1[(1)] The State shall strive to promote the welfare of the people by securing and protecting as effectively as it may a social order in which justice, social, economic and political, shall inform all the institutions of the national life.",State Government,0.6097208261489868
"2[(2) The State shall, in particular, strive to minimise the inequalities in income, and endeavour to eliminate inequalities in status, facilities and opportunities, not only amongst individuals but also amongst groups of people residing in different areas or engaged in different vocations.]",State Government,0.25851988792419434
"Certain principles of policy to be followed by the State.—The State shall, in particular, direct its policy towards securing— (a)that the citizens, men and women equally, have the right to an adequate means of livelihood; (b)that the ownership and control of the material resources of the community are so distributed as best to subserve the common good; (c)that the operation of the economic system does not result in the concentration of wealth and means of production to the common detriment; (d) that there is equal pay for equal work for both men and women; (e)that the health and strength of workers, men and women, and the tender age of children are not abused and that citizens are not forced by economic necessity to enter avocations unsuited to their age or strength; ______________________________________________ 1.",State Government,0.33670005202293396
"(1) by the Constitution (Forty-fourth Amendment) Act, 1978, s.9 (w.e.f.",Amendment Procedure,0.2725130319595337
21 22 THE CONSTITUTION OF INDIA (Part IV.—Directive Principles of State Policy) 1[(f)that children are given opportunities and facilities to develop in a healthy manner and in conditions of freedom and dignity and that childhood and youth are protected against exploitation and against moral and material abandonment.],Fundamental Duties,0.3565731346607208
"Equal justice and free legal aid.—The State shall secure that the operation of the legal system promotes justice, on a basis of equal opportunity, and shall, in particular, provide free legal aid, by suitable legislation or schemes or in any other way, to ensure that opportunities for securing justice are not denied to any citizen by reason of economic or other disabilities.]",Fundamental Duties,0.4219558537006378
Organisation of village panchayats.—The State shall take steps to organise village panchayats and endow them with such powers and authority as may be necessary to enable them to function as units of self-government.,State Government,0.35121625661849976
"Right to work, to education and to public assistance in certain cases.—The State shall, within the limits of its economic capacity and development, make effective provision for securing the right to work, to education and to public assistance in cases of unemployment, old age, sickness and disablement, and in other cases of undeserved want.",State Government,0.29118937253952026
Provision for just and humane conditions of work and maternity relief.—The State shall make provision for securing just and humane conditions of work and for maternity relief.,State Government,0.5950669646263123
"Living wage, etc., for workers.—The State shall endeavour to secure, by suitable legislation or economic organisation or in any other way, to all workers, agricultural, industrial or otherwise, work, a living wage, conditions of work ensuring a decent standard of life and full enjoyment of leisure and social and cultural opportunities and, in particular, the State shall endeavour to promote cottage industries on an individual or co-operative basis in rural areas.",State Government,0.3081713914871216
"Participation of workers in management of industries.—The State shall take steps, by suitable legislation or in any other way, to secure the participation of workers in the management of undertakings, establishments or other organisations engaged in any industry.]",State Government,0.3070240318775177
"by the Constitution (Forty-second Amendment) Act, 1976, s.",Amendment Procedure,0.33505508303642273
23 THE CONSTITUTION OF INDIA (Part IV.—Directive Principles of State Policy) 1[43B.,State Government,0.4643228054046631
"Promotion of co-operative societies.—The State shall endeavour to promote voluntary formation, autonomous functioning, democratic control and professional management of co-operative societies.]",Fundamental Duties,0.30786967277526855
Uniform civil code for the citizens.—The State shall endeavour to secure for the citizens a uniform civil code throughout the territory of India.,State Government,0.49340933561325073
Provision for early childhood care and education to children below the age of six years.—The State shall endeavour to provide early childhood care and education for all children until they complete the age of six years.],State Government,0.3158789277076721
"Promotion of educational and economic interests of Scheduled Castes, Scheduled Tribes and other weaker sections.—The State shall promote with special care the educational and economic interests of the weaker sections of the people, and, in particular, of the Scheduled Castes and the Scheduled Tribes, and shall protect them from social injustice and all forms of exploitation.",State Government,0.3338494896888733
"Duty of the State to raise the level of nutrition and the standard of living and to improve public health.—The State shall regard the raising of the level of nutrition and the standard of living of its people and the improvement of public health as among its primary duties and, in particular, the State shall endeavour to bring about prohibition of the consumption except for medicinal purposes of intoxicating drinks and of drugs which are injurious to health.",State Government,0.4350135922431946
"Organisation of agriculture and animal husbandry.—The State shall endeavour to organise agriculture and animal husbandry on modern and scientific lines and shall, in particular, take steps for preserving and improving the breeds, and prohibiting the slaughter, of cows and calves and other milch and draught cattle.",State Government,0.37679362297058105
